{"web":{"client_id":"1002188482533-m57h5273cs3kaiehp5tjmh6el20a6uof.apps.googleusercontent.com","project_id":"springbootdocs","auth_uri":"https://accounts.google.com/o/oauth2/auth","token_uri":"https://oauth2.googleapis.com/token","auth_provider_x509_cert_url":"https://www.googleapis.com/oauth2/v1/certs","client_secret":"HWUCAIVAd7XzYH_tDqngkhM3","redirect_uris":["http://192.168.43.226.nip.io:8080/oauth","http://localhost","http://localhost:8080","http://localhost:8080/oauth","http://localhost:43887/Callback","http://localhost:8888/Callback"],"javascript_origins":["http://192.168.43.226:8080"]}}